{
  //docker仓库host
  "DockerRepositoryHost": "registry.gmpsoft.net:8443",

  //docker仓库开发仓库
  "DockerDevelopRepositoryName": "develop",

  //docker仓库发版仓库
  "DockerReleaseRepositoryName": "gmpv5",

  //产品仓库名集合
  "ProductRepositores": [
    "core",
    "core.httpreport",
    "rms-web",
    "rms-services",
    "tms-web",
    "tms-services",
    "dms-web",
    "dms-services",
    "ams-web",
    "config-web"
  ],

  //本地git仓库地址,key为产品名,value为本地仓库绝对地址
  "LocalGitAddress": {
    "gmp": "E:\\公司\\成都-鸿翼医药\\V5\\gmp",
    "dms": "E:\\公司\\成都-鸿翼医药\\V5\\gmp.dms",
    "ams": "E:\\公司\\成都-鸿翼医药\\V5\\gmp.ams2",
    "tms": "E:\\公司\\成都-鸿翼医药\\V5\\gmp.tms",
    "rms": "E:\\公司\\成都-鸿翼医药\\V5\\gmp.rms2",
    "config": "E:\\公司\\成都-鸿翼医药\\V5\\gmp.config"
  }
}